template_id,template_text,sample_location,sample_forename,sample_surname,sample_email,populated_template
1,Hi there! My name is &&forename&& &&surname&& and my email address is &&email&&. I live at &&location&&.,"8 Fisher St, Carlisle CA3 8RY, UK",Satvir,Botterill,chris.hazzard.mp@parliament.uk,"Hi there! My name is Satvir Botterill and my email address is chris.hazzard.mp@parliament.uk. I live at 8 Fisher St, Carlisle CA3 8RY, UK."
2,"Hello, I'm &&forename&& &&surname&&. You can reach me at &&email&& and I'm located at &&location&&.","89 Dunkeld Rd, Perth PH1 5AP, UK",Neil,Opher,ellie.reeves.mp@parliament.uk,"Hello, I'm Neil Opher. You can reach me at ellie.reeves.mp@parliament.uk and I'm located at 89 Dunkeld Rd, Perth PH1 5AP, UK."
3,"Good morning! I'm &&forename&& &&surname&&, my email is &&email&&, and my address is &&location&&.","10 Blackburn Rd, Great Harwood, Blackburn BB6 7DE, UK",Edward,Phillipson,patrick.spencer.mp@parliament.uk,"Good morning! I'm Edward Phillipson, my email is patrick.spencer.mp@parliament.uk, and my address is 10 Blackburn Rd, Great Harwood, Blackburn BB6 7DE, UK."
4,"Hi, my name is &&forename&& &&surname&&. My contact email is &&email&& and I reside at &&location&&.","57 High St, Solihull B91 3SW, UK",Luke,Cocking,apsana.begum.mp@parliament.uk,"Hi, my name is Luke Cocking. My contact email is apsana.begum.mp@parliament.uk and I reside at 57 High St, Solihull B91 3SW, UK."
5,"Greetings! I am &&forename&& &&surname&&, email: &&email&&, address: &&location&&.","K3, Imperial Business Park, Thames Way, Gravesend DA11 0DQ, UK",Rachel,Brewer,hamish.falconer.mp@parliament.uk,"Greetings! I am Rachel Brewer, email: hamish.falconer.mp@parliament.uk, address: K3, Imperial Business Park, Thames Way, Gravesend DA11 0DQ, UK."
6,Hey! I'm &&forename&& &&surname&&. Feel free to email me at &&email&&. I live near &&location&&.,"382 Kensington High St, Kensington, London W14 8NL, UK",Liz,Hodgson,gideon.amos.mp@parliament.uk,"Hey! I'm Liz Hodgson. Feel free to email me at gideon.amos.mp@parliament.uk. I live near 382 Kensington High St, Kensington, London W14 8NL, UK."
7,Hello there! The name's &&forename&& &&surname&&. Drop me a line at &&email&&. I'm based at &&location&&.,"Four Seasons, Whinlatter Rd, Whitehaven CA28 8DJ, UK",Chris,Brackenridge,bill.esterson.mp@parliament.uk,"Hello there! The name's Chris Brackenridge. Drop me a line at bill.esterson.mp@parliament.uk. I'm based at Four Seasons, Whinlatter Rd, Whitehaven CA28 8DJ, UK."
8,Hi everyone! I'm &&forename&& &&surname&&. You can contact me via &&email&&. My home is at &&location&&.,"16/16 The Broadway, Woking GU21 5AP, UK",Edward,Doughty,nia.griffith.mp@parliament.uk,"Hi everyone! I'm Edward Doughty. You can contact me via nia.griffith.mp@parliament.uk. My home is at 16/16 The Broadway, Woking GU21 5AP, UK."
9,"Good day! My full name is &&forename&& &&surname&&, my email address is &&email&&, and I call &&location&& home.","Peterhead AB42 3EP, UK",Hilary,Wild,john.glen.mp@parliament.uk,"Good day! My full name is Hilary Wild, my email address is john.glen.mp@parliament.uk, and I call Peterhead AB42 3EP, UK home."
10,Nice to meet you! I'm &&forename&& &&surname&&. My email is &&email&& and I'm currently living at &&location&&.,"Rope Walk, Littlehampton BN17 5DL, UK",Christine,Fox,tan.dhesi.mp@parliament.uk,"Nice to meet you! I'm Christine Fox. My email is tan.dhesi.mp@parliament.uk and I'm currently living at Rope Walk, Littlehampton BN17 5DL, UK."
11,"Dear colleagues, I am &&forename&& &&surname&&. Please contact me at &&email&&. My office address is &&location&&.","Redding Way, Knaphill, Woking GU21 2QT, UK",Grahame,Entwistle,will.stone.mp@parliament.uk,"Dear colleagues, I am Grahame Entwistle. Please contact me at will.stone.mp@parliament.uk. My office address is Redding Way, Knaphill, Woking GU21 2QT, UK."
12,"Good afternoon. My name is &&forename&& &&surname&&, email: &&email&&, located at &&location&&.","Madeira Rd, Plymouth PL1 2NY, UK",Jacob,Riddell-Carpenter,nia.griffith.mp@parliament.uk,"Good afternoon. My name is Jacob Riddell-Carpenter, email: nia.griffith.mp@parliament.uk, located at Madeira Rd, Plymouth PL1 2NY, UK."
13,"Hello, I would like to introduce myself as &&forename&& &&surname&&. My email is &&email&& and my business address is &&location&&.","Priestfield Rd, Edinburgh EH16 5UT, UK",Lee,Crichton,caroline.voaden.mp@parliament.uk,"Hello, I would like to introduce myself as Lee Crichton. My email is caroline.voaden.mp@parliament.uk and my business address is Priestfield Rd, Edinburgh EH16 5UT, UK."
14,"Greetings. I am &&forename&& &&surname&&. For correspondence, please use &&email&&. I am stationed at &&location&&.","Exeter Vale Shopping Centre, Russell Way, Exeter EX2 7EZ, UK",Karin,Foy,lee.pitcher.mp@parliament.uk,"Greetings. I am Karin Foy. For correspondence, please use lee.pitcher.mp@parliament.uk. I am stationed at Exeter Vale Shopping Centre, Russell Way, Exeter EX2 7EZ, UK."
15,"Dear team, I'm &&forename&& &&surname&&. My contact details are: email &&email&&, address &&location&&.","28-30 Swan St, Brechin DD9 6EF, UK",Josh,Khan,bill.esterson.mp@parliament.uk,"Dear team, I'm Josh Khan. My contact details are: email bill.esterson.mp@parliament.uk, address 28-30 Swan St, Brechin DD9 6EF, UK."
16,What's up! I'm &&forename&& &&surname&&. Hit me up at &&email&&. I'm chilling at &&location&&.,"Thorney Ln S, Iver SL0 9AE, UK",Claire,Ballinger,bambos.charalambous.mp@parliament.uk,"What's up! I'm Claire Ballinger. Hit me up at bambos.charalambous.mp@parliament.uk. I'm chilling at Thorney Ln S, Iver SL0 9AE, UK."
17,Hey everyone! &&forename&& &&surname&& here. Email me at &&email&&. I'm hanging out at &&location&&.,"122-124 Prince Ave, Southend-on-Sea, Westcliff-on-Sea SS0 0NW, UK",Stephen,Bhatti,sorcha.eastwood.mp@parliament.uk,"Hey everyone! Stephen Bhatti here. Email me at sorcha.eastwood.mp@parliament.uk. I'm hanging out at 122-124 Prince Ave, Southend-on-Sea, Westcliff-on-Sea SS0 0NW, UK."
18,Yo! Name's &&forename&& &&surname&&. Shoot me an email at &&email&&. I'm posted up at &&location&&.,"W Cromwell Rd, Kensington, London W14 8PB, UK",Chris,Coleman,emma.hardy.mp@parliament.uk,"Yo! Name's Chris Coleman. Shoot me an email at emma.hardy.mp@parliament.uk. I'm posted up at W Cromwell Rd, Kensington, London W14 8PB, UK."
19,Sup! I'm &&forename&& &&surname&&. My email's &&email&& and I'm crashing at &&location&&.,"155 Havelock St, Kettering NN16 9QA, UK",James,Osborne,lucy.rigby.mp@parliament.uk,"Sup! I'm James Osborne. My email's lucy.rigby.mp@parliament.uk and I'm crashing at 155 Havelock St, Kettering NN16 9QA, UK."
20,Hey there! &&forename&& &&surname&& is the name. Email: &&email&&. Currently at &&location&&.,"Via Ravenna, Chichester PO19 1RD, UK",Hilary,Khan,sam.rushworth.mp@parliament.uk,"Hey there! Hilary Khan is the name. Email: sam.rushworth.mp@parliament.uk. Currently at Via Ravenna, Chichester PO19 1RD, UK."
21,Who am I? I'm &&forename&& &&surname&&. How to reach me? &&email&&. Where do I live? &&location&&.,"Hyndburn Rd, Accrington BB5 1PY, UK",Iain,Young,swayned@parliament.uk,"Who am I? I'm Iain Young. How to reach me? swayned@parliament.uk. Where do I live? Hyndburn Rd, Accrington BB5 1PY, UK."
22,Name? &&forename&& &&surname&&. Email? &&email&&. Address? &&location&&. Nice to meet you!,"631 Livesey Branch Rd, Blackburn BB2 5DQ, UK",Gregor,Bradley,sarah.dyke.mp@parliament.uk ,"Name? Gregor Bradley. Email? sarah.dyke.mp@parliament.uk . Address? 631 Livesey Branch Rd, Blackburn BB2 5DQ, UK. Nice to meet you!"
23,"You asked for my details: Name: &&forename&& &&surname&&, Email: &&email&&, Location: &&location&&.","15 Harewood Cres, Plymouth PL5 3PT, UK",Sarah,Barros-Curtis,aaron.callan@parliament.uk,"You asked for my details: Name: Sarah Barros-Curtis, Email: aaron.callan@parliament.uk, Location: 15 Harewood Cres, Plymouth PL5 3PT, UK."
24,"Here's my info: I'm &&forename&& &&surname&&, you can email me at &&email&&, and I live at &&location&&.","3a Del Guerra court Ind Est, Waunrhydd Rd, Tonyrefail, Porth CF39 8ES, United Kingdom",Jonathan,Lewis,michael.shanks.mp@parliament.uk,"Here's my info: I'm Jonathan Lewis, you can email me at michael.shanks.mp@parliament.uk, and I live at 3a Del Guerra court Ind Est, Waunrhydd Rd, Tonyrefail, Porth CF39 8ES, United Kingdom."
25,"My details are as follows: &&forename&& &&surname&&, &&email&&, &&location&&.","Brighton Way, Brighton Hill, Basingstoke RG22 4DH, United Kingdom",Mike,Burton-Sampson,marsha.decordova.mp@parliament.uk,"My details are as follows: Mike Burton-Sampson, marsha.decordova.mp@parliament.uk, Brighton Way, Brighton Hill, Basingstoke RG22 4DH, United Kingdom."
26,"Let me tell you about myself. I'm &&forename&& &&surname&&, you can reach me at &&email&&, and I've been living at &&location&& for a while now.","1 intu Trafford Centre, Peel Avenue, Manchester M17 8AA, United Kingdom",Rosie,Coleman,kirith.entwistle.mp@parliament.uk,"Let me tell you about myself. I'm Rosie Coleman, you can reach me at kirith.entwistle.mp@parliament.uk, and I've been living at 1 intu Trafford Centre, Peel Avenue, Manchester M17 8AA, United Kingdom for a while now."
27,"So here's the thing - I'm &&forename&& &&surname&&. If you need to email me, it's &&email&&. Oh, and I live at &&location&&.","Brampton Old Rd, Carlisle CA3 0JN, UK",George,Argar,lillian.jones.mp@parliament.uk,"So here's the thing - I'm George Argar. If you need to email me, it's lillian.jones.mp@parliament.uk. Oh, and I live at Brampton Old Rd, Carlisle CA3 0JN, UK."
28,"I should probably introduce myself properly. I'm &&forename&& &&surname&&, my email address is &&email&&, and I make my home at &&location&&.","29 Silver St, Durham DH1 3RD, UK",Luke,Reid,tom.hayes.mp@parliament.uk,"I should probably introduce myself properly. I'm Luke Reid, my email address is tom.hayes.mp@parliament.uk, and I make my home at 29 Silver St, Durham DH1 3RD, UK."
29,"Just to give you some background, I'm &&forename&& &&surname&&. My email contact is &&email&& and my residence is at &&location&&.","The Market, Scotch St, Carlisle CA3 8QX, UK",Kim,Reynolds,steff.aquarone.mp@parliament.uk,"Just to give you some background, I'm Kim Reynolds. My email contact is steff.aquarone.mp@parliament.uk and my residence is at The Market, Scotch St, Carlisle CA3 8QX, UK."
30,"Here's a bit about me: name's &&forename&& &&surname&&, email is &&email&&, and I call &&location&& my home base.","Unit 1A Lion Retail Park, 151 Oriental Rd, Woking GU22 8BD, United Kingdom",Matthew,Roome,tom.collins.mp@parliament.uk,"Here's a bit about me: name's Matthew Roome, email is tom.collins.mp@parliament.uk, and I call Unit 1A Lion Retail Park, 151 Oriental Rd, Woking GU22 8BD, United Kingdom my home base."
31,I would like to formally introduce myself as Mr./Ms. &&forename&& &&surname&&. My electronic mail address is &&email&& and my residential address is &&location&&.,"51 Rhyl Rd, Denbigh LL16 5TG, UK",Pam,Nokes,keir.mather.mp@parliament.uk,"I would like to formally introduce myself as Mr./Ms. Pam Nokes. My electronic mail address is keir.mather.mp@parliament.uk and my residential address is 51 Rhyl Rd, Denbigh LL16 5TG, UK."
32,Allow me to present myself: &&forename&& &&surname&&. My email correspondence address is &&email&& and I am domiciled at &&location&&.,"129 Earls Ln, Slough SL1 5TD, UK",Julian,Darling,tom.tugendhat.mp@parliament.uk,"Allow me to present myself: Julian Darling. My email correspondence address is tom.tugendhat.mp@parliament.uk and I am domiciled at 129 Earls Ln, Slough SL1 5TD, UK."
33,"I hereby provide my contact information: Name: &&forename&& &&surname&&, Email: &&email&&, Residence: &&location&&.","Unit 1 Queen St, Preston PR1 4HZ, UK",Nusrat,Johnson,lewis.atkinson.mp@parliament.uk,"I hereby provide my contact information: Name: Nusrat Johnson, Email: lewis.atkinson.mp@parliament.uk, Residence: Unit 1 Queen St, Preston PR1 4HZ, UK."
34,"For the record, I am &&forename&& &&surname&&. My email address for communication is &&email&& and my address of residence is &&location&&.","77 Old Woking Rd, West Byfleet KT14 6JA, UK",Callum,Martin,jeevun.sandher.mp@parliament.uk,"For the record, I am Callum Martin. My email address for communication is jeevun.sandher.mp@parliament.uk and my address of residence is 77 Old Woking Rd, West Byfleet KT14 6JA, UK."
35,I am pleased to introduce myself as &&forename&& &&surname&&. My email contact is &&email&& and my address is &&location&&.,"15 Cleveland Square, Liverpool L1 5BE, UK",Connor,Fookes,danny.chambers.mp@parliament.uk,"I am pleased to introduce myself as Connor Fookes. My email contact is danny.chambers.mp@parliament.uk and my address is 15 Cleveland Square, Liverpool L1 5BE, UK."
36,&&forename&& &&surname&&. Email: &&email&&. Address: &&location&&.,"2 Cornhill, Accrington BB5 1EX, UK",Liam,de Cordova,cameron.thomas.mp@parliament.uk,"Liam de Cordova. Email: cameron.thomas.mp@parliament.uk. Address: 2 Cornhill, Accrington BB5 1EX, UK."
37,I'm &&forename&& &&surname&&. Email me: &&email&&. Live at: &&location&&.,"29 Waterloo Rd, Shepton Mallet BA4 5HH, UK",Freddie,Burke,james.asser.mp@parliament.uk,"I'm Freddie Burke. Email me: james.asser.mp@parliament.uk. Live at: 29 Waterloo Rd, Shepton Mallet BA4 5HH, UK."
38,"&&forename&& &&surname&& here! Email: &&email&&, Location: &&location&&.","9 Hilltown Rd, Mayobridge, Newry BT34 2HJ, UK",Connor,Rhodes,mel.stride.mp@parliament.uk,"Connor Rhodes here! Email: mel.stride.mp@parliament.uk, Location: 9 Hilltown Rd, Mayobridge, Newry BT34 2HJ, UK."
39,Name: &&forename&& &&surname&&. Contact: &&email&&. Home: &&location&&.,"8 Kinmel St, Rhyl LL18 1AL, UK",Brian,Ghani,louise.haigh.mp@parliament.uk,"Name: Brian Ghani. Contact: louise.haigh.mp@parliament.uk. Home: 8 Kinmel St, Rhyl LL18 1AL, UK."
40,"&&forename&& &&surname&&, &&email&&, &&location&&. That's me!","A14 Junction 13, Kettering NN14 4UR, United Kingdom",Tim,Maskey,feryal.clark.mp@parliament.uk,"Tim Maskey, feryal.clark.mp@parliament.uk, A14 Junction 13, Kettering NN14 4UR, United Kingdom. That's me!"
41,"Picture this: a person named &&forename&& &&surname&&, contactable at &&email&&, living the life at &&location&&.","67 Bulford Rd, Durrington, Salisbury SP4 8DL, UK",Katie,McKenna,scott.arthur.mp@parliament.uk,"Picture this: a person named Katie McKenna, contactable at scott.arthur.mp@parliament.uk, living the life at 67 Bulford Rd, Durrington, Salisbury SP4 8DL, UK."
42,"Once upon a time, there was someone called &&forename&& &&surname&& who could be reached at &&email&& and lived at &&location&&. That someone is me!","Roynon Way, Cheddar BS27 3NZ, UK",Tanmanjeet Singh,Holmes,roz.savage.mp@parliament.uk,"Once upon a time, there was someone called Tanmanjeet Singh Holmes who could be reached at roz.savage.mp@parliament.uk and lived at Roynon Way, Cheddar BS27 3NZ, UK. That someone is me!"
43,Breaking news: &&forename&& &&surname&& has joined the chat! Email updates available at &&email&&. Live reporting from &&location&&.,"COWBRIDGE BYPASS, THE VALE OF GLAMORGAN CF71 7DT, United Kingdom",Anna,Carling,mark.sewards.mp@parliament.uk,"Breaking news: Anna Carling has joined the chat! Email updates available at mark.sewards.mp@parliament.uk. Live reporting from COWBRIDGE BYPASS, THE VALE OF GLAMORGAN CF71 7DT, United Kingdom."
44,New player entered the game: &&forename&& &&surname&&. Contact info: &&email&&. Current location: &&location&&.,"92-96 South St, Perth PH2 8PD, UK",Dan,Mohindra,john.cooper.mp@parliament.uk,"New player entered the game: Dan Mohindra. Contact info: john.cooper.mp@parliament.uk. Current location: 92-96 South St, Perth PH2 8PD, UK."
45,Alert! &&forename&& &&surname&& is now online. Email notifications to &&email&&. Broadcasting from &&location&&.,"The Park Medical Practice, Cannard's Grave Rd, Shepton Mallet BA4 5RT, UK",Becky,Miliband,tony.vaughan.mp@parliament.uk,"Alert! Becky Miliband is now online. Email notifications to tony.vaughan.mp@parliament.uk. Broadcasting from The Park Medical Practice, Cannard's Grave Rd, Shepton Mallet BA4 5RT, UK."
46,"They call me &&forename&& &&surname&&. For business inquiries, email &&email&&. You'll find me at &&location&&.","1 Paragon St, Hull HU1 3JZ, UK",Paul,Yemm,greg.smith.mp@parliament.uk,"They call me Paul Yemm. For business inquiries, email greg.smith.mp@parliament.uk. You'll find me at 1 Paragon St, Hull HU1 3JZ, UK."
47,I go by &&forename&& &&surname&&. Drop me a note at &&email&& whenever you're around &&location&&.,"54 Pentonville Rd, The Angel, London N1 9HF, UK",Lee,Platt,seamus.logan.mp@parliament.uk,"I go by Lee Platt. Drop me a note at seamus.logan.mp@parliament.uk whenever you're around 54 Pentonville Rd, The Angel, London N1 9HF, UK."
48,Friends know me as &&forename&& &&surname&&. Professional contact: &&email&&. Home base: &&location&&.,"106-108 Kings Square, West Bromwich B70 7NN, UK",John,Lavery,james.wild.mp@parliament.uk,"Friends know me as John Lavery. Professional contact: james.wild.mp@parliament.uk. Home base: 106-108 Kings Square, West Bromwich B70 7NN, UK."
49,Most people call me &&forename&& &&surname&&. Best way to reach me is &&email&&. I'm usually around &&location&&.,"A2 Trunk Road, Gravesend DA12 3BH, UK",Caroline,Wild,josh.dean.mp@parliament.uk,"Most people call me Caroline Wild. Best way to reach me is josh.dean.mp@parliament.uk. I'm usually around A2 Trunk Road, Gravesend DA12 3BH, UK."
50,I answer to &&forename&& &&surname&&. Electronic correspondence: &&email&&. Physical location: &&location&&.,"360 Ealing Rd, Wembley HA0 1PF, UK",Alan,Law,mike.kane.mp@parliament.uk,"I answer to Alan Law. Electronic correspondence: mike.kane.mp@parliament.uk. Physical location: 360 Ealing Rd, Wembley HA0 1PF, UK."
51,"Just so you know, I'm &&forename&& &&surname&&. My inbox is &&email&& and my doorstep is at &&location&&.","Cardain House, Burkes Rd, Gregories Rd, Beaconsfield HP9 1HG, UK",Peter,Law,imogen.walker.mp@parliament.uk,"Just so you know, I'm Peter Law. My inbox is imogen.walker.mp@parliament.uk and my doorstep is at Cardain House, Burkes Rd, Gregories Rd, Beaconsfield HP9 1HG, UK."
52,"For future reference: &&forename&& &&surname&&, reachable at &&email&&, residing at &&location&&.","49 Pontmorlais W, Merthyr Tydfil CF47 8UN, UK",Pat,Allister,josh.fentonglynn.mp@parliament.uk,"For future reference: Pat Allister, reachable at josh.fentonglynn.mp@parliament.uk, residing at 49 Pontmorlais W, Merthyr Tydfil CF47 8UN, UK."
53,"Quick intro: &&forename&& &&surname&& is my name, &&email&& is my email, &&location&& is my place.","156 Tottenham Ln, Crouch End, London N8 8SE, UK",Bradley,Riddell-Carpenter,andrew.western.mp@parliament.uk,"Quick intro: Bradley Riddell-Carpenter is my name, andrew.western.mp@parliament.uk is my email, 156 Tottenham Ln, Crouch End, London N8 8SE, UK is my place."
54,"Personal details: I'm &&forename&& &&surname&&, contact me at &&email&&, visit me at &&location&&.","1 Andover Rd, Newbury RG14 6LR, UK",Tom,Nandy,helen.morgan.mp@parliament.uk,"Personal details: I'm Tom Nandy, contact me at helen.morgan.mp@parliament.uk, visit me at 1 Andover Rd, Newbury RG14 6LR, UK."
55,"Final answer: &&forename&& &&surname&&, email &&email&&, location &&location&&. Questions?","Ealing Broadway Centre, 2b, London W5 5JY, United Kingdom",Dáire,Egan,stuart.anderson.mp@parliament.uk,"Final answer: Dáire Egan, email stuart.anderson.mp@parliament.uk, location Ealing Broadway Centre, 2b, London W5 5JY, United Kingdom. Questions?"
